<?xml version="1.0" encoding="UTF-8" standalone="yes"?>
<addon id="plugin.video.DIMITROLOGY"
	name="DIMITROLOGY"
	version="1.0.0"
	provider-name="zag">
  <requires>
    <import addon="xbmc.python" version="2.1.0"/>
    <import addon="script.module.addon.common" version="2.0.0"/>
    <import addon="plugin.video.youtube" version="5.0.0"/>
  </requires>
  <extension point="xbmc.python.pluginsource" library="default.py">
    <provides>video</provides>
  </extension>
  <extension point="xbmc.addon.metadata">
    <summary lang="en">DIMITROLOGY</summary>
    <description lang="en">Dimitrology is a PC, Tech, Kodi, Android and IOS Device Enthusiast!</description>
    <platform>all</platform>
    <forum>http://forum.kodi.tv/showthread.php?tid=254203</forum>
    <source>https://github.com/zag2me/plugin.video.fullycharged</source>
    <website>http://dimitrology.com/</website>
    <email>dimitrology@gmail.com</email>
  </extension>
</addon>